NOC,GoldDescendProbability,GoldMedal_2024,GoldMedal_2028
AUS,0.9498355499974565,18.0,14.861447
FRA,0.9474190231063996,16.0,13.896508
NOR,0.4057250991979811,4.0,3.6538227
ISR,0.23781305075688774,1.0,1.5155476
SUI,0.19766234224950116,1.0,1.7216011
