NOC,GoldAscendProbability,GoldMedal_2024,GoldMedal_2028
USA,1.0,39.0,44.444077
CHN,1.0,40.0,47.039205
HKG,0.9989753013308024,2.0,3.7307458
ALG,0.9479928541736823,2.0,3.4691038
IRL,0.8844601770840348,3.0,4.143054
