NOC,TotalDescendProbability,TotalMedal_2024,TotalMedal_2028
FRA,1.0,64,51.182823
AUS,1.0,52,45.785156
NOR,0.9525000808283869,8,6.923304
SUI,0.84948737402916,8,7.434081
ISR,0.8363262426150514,7,6.499339
