NOC,TotalAscendProbability,TotalMedal_2024,TotalMedal_2028
USA,1.0,122,127.63967
CHN,1.0,91,95.75952
HKG,0.9764372517528717,4,7.529336
ALG,0.74015624077765,3,5.357763
GRE,0.6978162731596556,8,10.147825
